"cod_producto","cod_barra","nombre_producto","descripcion_producto_previa"
"10001","001","CREDITO",""
"10007","02","ORTODONCIA CONVENCIONAL METALICO  X24",""
"10009","04","MANTENEDOR A PLACA HAWLEY (X ARCADA)  (LABORATORIO)",""
"10011","06","ORTODONCIA CONVENCIONAL BRACKET ESTETICO X12  (BRACKET CERAMICO)",""
"10012","07","CIRUGIA COMPLICADA",""
"10013","08","ANTERIOR SIMPLE CARIES",""
"10014","09","PIEZA DE PUENTE ZIRCONIO PROTESIS  (LABORATORIO) POR CORONA (POR DIENTE)",""
"10015","10","REJILLA PALATINA P/ NIÑOS (LABORATORIO)",""
"10016","11","PROTESIS ACRILICO COMPLETO  (POR ARCADA) (LABORATORIO)",""
"10018","13","SELLADO DE FOSAS Y FISURAS ANTICARIES GENERAL ",""
"10020","15","ANTERIOR CLASE 3 CARIES",""
"10021","16","POSTERIOR MOLAR OCLUSAL COMPLE CARIES ",""
"10022","17","POSTERIOR PRE CLUSAL COMPLE ",""
"10026","21","CORTE FRENILLO PALATINO Y LINGUA",""
"10028","23","TERCER MOLAR INFERIOR NO ERUPCIONADO",""
"10029","24","BRACKET CONVENCIONAL METALICO POR PIEZA",""
"10031","26","ANTERIOR CLASE 4 CARIES",""
"10033","28","CIRUGIA SIMPLE  A PARTIR DE 2 RAICES",""
"10034","29","CARILLA ANTERIOR CON  RESINA (IN SITU)",""
"10035","30","CORONA PORCELANA Y METAL POR PIEZA DENTRIA  (LABORATORIO)",""
"10037","32","ENDODONCIA MECANIZADA MOLAR",""
"10038","39","RADIOGRAFIA  PERIAPICAL ( EN CONSULTORIO)",""
"10042","50","POSTERIOR PREMOLAR OCLUSAL MD  CARIES ",""
"10043","97","POSTERIOR MOLAR INLAY CARIES CEROMERO  (LABORATORIO)",""
"10044","66","POSTERIOR MOLAR ONLAY CARIES CEROMERO (LABORATORIO)",""
"10046","75","TERCER MOLAR INFERIOR ERUP.  CIRUGIA ",""
"10047","44","GERMECTOMIA ",""
"10048","230","TERCER MOLAR INFERIOR IMPACTADO ",""
"10049","33","TERCER MOLAR SUPERIOR  IMPACTADO ",""
"10051","55","ORTODONCIA CONVENCIONAL METALICO X12 ",""
"10052","188","OSTECTOMIA ",""
"10053","189","CORTE FRENILLO LABIAL Y LINGUAL ",""
"10054","88","RESTO RADICULAR ",""
"10055","56","UNIRRADICULARES ",""
"10056","53","DIENTE RETENIDO CIRUGIA (EXTRACCION) ",""
"10057","69","TERCER MOLAR  SUPERIOR  SIN ERUPCION (CIRUGIA) ",""
"10058","166","TERCER MOLAR ERUPCIONADO (CIRUGIA)  ",""
"10059","221","RECONSTRUCCION DE ANGULO DIENTE PERMANENTE ",""
"10060","222","POSTERIOR MOLAR OVERLAY CARIES CEROMERO (LABORATORIO)",""
"10061","223","ANTERIOR PLATINO COMPLEJA ",""
"10062","224","OBTURACION CERVICAL ",""
"10063","225","OBTURACION  CON IONOMERO ",""
"10065","233","POSTERIOR MOLAR OCLUSAL SIMPLE CARIES ",""
"10066","172","INCRUSTACION DIENTES PREMOLARES  CEROMERO (LABORATORIO)",""
"10067","173","POSTERIOR PREM OCLUSAL SIMPLE CARIES ",""
"10069","155","MEDICACION (SIN OBTURACION C/ PROVIS)",""
"10070","151","ENDODONCIA MECANIZADA ANTERIOR ",""
"10072","333","ENDODONCIA MECANIZADA PRE MOLAR ",""
"10075","164","CORONA  POR PIEZA DENTARIA CEROMERO (LABORATORIO)",""
"10079","555","PERNO FIBRA DE VIDRIO POR PIEZA DENTARIA  (LABORATORIO)",""
"10080","441","PERNO METALICO ATICULADO CADA PIEZA DENTARIA   (LABORATORIO)",""
"10081","111","PERNO METALICO SIMPLE POR PIEZA DENTARIA  (LABORATORIO)",""
"10083","888","CORONA DE ZIRCONIO POR PIEZA DENTARIA  (LABORATORIO)",""
"10084","00","CEMENTADO PERNO Y CORONA ",""
"10085","91","CEMENTADO DE CORONA ",""
"10086","63","CEMENTADO DE PROVISORIO ",""
"10087","98","COLOCACION DE TUBO ",""
"10089","83","PULIDOS DESPUES DE ORTODONCIA ",""
"10090","60","RETIRO DE APARATO DE BRACKETS  SUPERIOR 0 INF.",""
"10091","201","PULPECTOMIA ANTERIOR ",""
"10092","203","PULPECTOMIA POSTERIOR ",""
"10093","204","PULPOTOMIA ANTERIOR ",""
"10094","205","PULPOTOMIA POSTERIOR ",""
"10096","304","RESTAURACION ESTETICA ANTERIOR CON RESINA ",""
"10097","305","RESTAURACION CON IONOMERO (FUJI 9)",""
"10098","150","CIRUGIA CONVENCIONNAL SIN REABSORCION ",""
"10099","76","CIRUGIA PEDIATRICA DIENTE MOVIL P. COLAB",""
"10100","45","CIRUGIA PEDIATRICA DIENTE MOVIL PNC",""
"10102","46","BLANQUEAMIENTO INTERNO(POS ENDO)",""
"10105","77","BLANQUEAMIENTO AMBULATORIO CON PLACA ",""
"10106","40","BLANQUEAMIENTO INSTANTANEO POR CONSULTORIO(2 SESIONES)",""
"10107","58","LIMPIEZA PERIODONTAL AGUDA COMPLEJA ",""
"10109","68","PROFILAXIS ",""
"10112","51","FLURIZACION GEL/BARNIZ ",""
"10113","90","PLACA PARA  BRUXISMO ACRILICO (LABORATORIO)",""
"10114","444","ORTODONCIA  CONVENCIOONAL METALICO   X36",""
"10115","999","LIMPIEZA DE SARRO SUPERIOR E  INFERIOR ",""
"10117","67","RETIRO DE BRACKET INFERIOR",""
"10118","70","RETIRO DE BRACKET SUPERIOR",""
"10120","72","MODELO DE ESTUDIO",""
"10121","73","RETIRO DE PERNO COMPLEJO",""
"10125","52","POSTERIOR MOLAR INLAY CARIES PORCELANA (LABORATORIO)",""
"10126","49","POSTERIOR MOLAR ONLAY CARIES PORCELANA  (LABORATORIO)",""
"10127","43","POSTERIOR MOLAR OVERLAY CARIES PORCELANA (LABORATORIO)",""
"10128","42","INCRUSTACION DIENTES PREMOLARES  PORCELANA  (LABORATORIO)",""
"10129","41","CORONA  POR PIEZA DENTARIA PORCELANA (LABORATORIO)",""
"10130","38","CORONA DE ACRILICO POR PIEZA DENTAL  (LABORATORIO)",""
"10131","37","PIEZA DE PROVISORIO PROTESIS (LABORATORIO)",""
"10132","35","PIEZA DE PUENTE METAL Y  CEROMERO PROTESIS  (LABORATORIO) POR CORONA (POR DIENTE)",""
"10133","36","PROVISORIO DENTAL (LABORATORIO)",""
"10134","121","PIEZA PUENTE PORCELANA PURA (LABORATORIO) POR CORONA (POR DIENTE )",""
"10135","122","PIEZA DE PUENTE  PORCELANA Y METAL (LABORATORIO) POR CORONA (POR DIENTE )",""
"10136","123","ARMAZON DE CROMO COBALTO (LABORATORIO)",""
"10137","124","PROTESIS  CROMO COBALTO POR  ARCADA  (LABORATORIO)",""
"10138","125","PPRR DE CROMO SUBSIGUIENTE (LABORATORIO)",""
"10139","126","PROTESIS PARCIAL ACRILICO POR ARCADA, SIN IMPORTAR CANT DE DIENTES (LABORATORIO)",""
"10140","127","COMPOSTURA PROTESIS  ACRILICO (LABORATORIO)",""
"10141","128","PROTESIS FLEXIBLE (COMPLETA Y PARCIAL ) (LABORATORIO) ",""
"10144","131","COMPOSTURA DE PROTESIS COMPLEJA (LABORATORIO)",""
"10145","132","GANCHO POR DIENTE PROTESIS  (LABORATORIO)",""
"10146","134","REVASADO DE PROTESIS (LABORATORIO)",""
"10147","135","AGREGADO DE CORONA ACRILICO  (LABORATORIO)",""
"10152","169","MANTENEDOR LINGUAL/PALATINO (LABORATORIO)",""
"10154","181","PLACA PARA BRUXISMO DE ACETATO  (LABORATORIO)",""
"10155","174","MANTENEDOR A PLACA DE ACETATO X ARCADA (LABORATORIO)",""
"10156","87","CORONA TIPO VENEER (LABORATORIO)",""
"10158","011","RETIRO DE CORONA ",""
"10159","160","CANCELACION DE CONTRATO ",""
"10161","103","ORTODONCIA  AUTOLIGADO  METALICO X12",""
"10162","889","APARATO ORTOPEDICO HYRAX ",""
"10166","112","BARRA TRANSPLANTINA",""
"10167","114","COLOCACIÓN DE BANDA CON TUBO VESTIBULAR Y LINGUAL ",""
"10168","170","CONSULTA ODONTOLOGICA",""
"10169","171","INSTALACION ORTODONCIA SUPERIOR E INFERIOR ",""
"10170","104","ORTODONCIA AUTOLIGADO METALICO X24",""
"10171","108","ORTODONCIA AUTOLIGADO METALICO X36",""
"10172","190","CEMENTADO DE  PERNO (METALICO O ESTETICO)",""
"10175","158","RETRATAMIENTO ENDODONCIA (MECANIZADA ANTERIOR)",""
"10177","113","RETRATAMIENTO ENDODONCIA (MECANIZADA PRE MOLAR)",""
"10178","115","RETRATAMIENTO ENDODONCIA (MECANIZADA MOLAR)",""
"10179","156","TOMA DE MUESTRA ( PARA BIOPSIA)",""
"10180","013","GINGIVECTOMIA POR ARCADA ",""
"10182","101","ENDROCROWN (CEROMERO) (LABORATORIO)",""
"10185","556","MANTENEDOR DE ESPACIO BANDA ANCHA ",""
"10186","661","MANTENEDOR DE ESPACIO REMOVIBLE ",""
"10187","667","FERULIZACION ",""
"10188","238","PLACA DE HAWLEY",""
"10189","558","CUBETA INDIVIDUAL ",""
"10190","7","BRACKET AUTOLIGADO METALICO POR PIEZA",""
"10191","85","SELLADO DE FOSAS Y FISURAS ANTICARIES (PEDIATRIA)",""
"10192","335","CIRUGIA CONVENCIONAL SIN REAPSORCION (PEDIATRICA)",""
"10193","799","	FLURIZACION GEL/BARNIZ(PEDIATRIA)",""
"10194","008","CIRUGÍA DIENTES ANTERIORES TEMPORARIAS (PEDIATRÍA)",""
"10195","990","HULECTOMIA ",""
"10196","024","URGENCIA ENDODÓNTICA",""
"10199","996","CORONA DE ZIRCONIO ",""
"10200","995","CORONA METAL CERAMICO",""
"10201","994","CORONA METAL PORCELANA",""
"10209","4","ORTODONCIA CONVENCIONAL BRACKET ESTETICO X24  (BRACKET CERAMICO)",""
"10210","5","ORTODONCIA CONVENCIONAL BRACKET ESTETICO X36  (BRACKET CERAMICO)",""
"10211","8","CONTENCION FIJA INFERIOR",""
"10217","119","PROTESIS FLEXIBLE UNILATERAL (UN SOLO DIENTE )",""
"10218","117","PROTESIS FLEXIBLE UNILATERAL (HASTA 4 DIENTES )",""
"10219","197","PROTESIS PROVISORIA (ACRILICO AUTOCURADO)  UNILATERAL ",""
"10220","48","AGREGADO DE 1 DIENTE (PROTESIS DE ACRILICO) ",""
"10221","200","PIPC ? PISTAS INDIRECTAS PLANAS COMPUESTAS (CON/SIN EQUIPLAN)",""
"10222","198","EXTRACCIÓN DIENTE SUPERNUMERARIO SIN  ERUPCIONAR ",""
"10223","243","PROTESIS PROVISORIA TOTAL O PARCIAL (ACRILICO AUTOCURADO) LABORATORIO",""
"10224","199","DIENTE SUPERNUMERARIO (RUPCIONADO) SIMPLE",""
"10225","194","PIEZA DE PUENTE DE FIBRA Y CEROMERO X CORONA/DIENTE  (LABORATORIO)",""
"10238","136","BY HELLIX (LABORATORIO EN FOZ DO IGUACU)",""
"10239","777","RADIOGRAFIA SERIADA PARA PERIODONCIA",""
"10240","345","BIONATOR ESPECIALCO ORTONCIA (ORTOPEDICO)
 ESTIMULADOR DEL CRECIMIENTO MANDIBULAR",""
"10241","747","EXODONCIA QUIRURGICA DE DIENTE RETENIDO EN PALADAR (CIRUGIA EN QUIROFANO)",""
"10242","157","PROTESIS TRANSPARENTE ",""
"10243","071","INSTALACION DE BRACKETS POR ARCADA",""
"10244","296","MANTENIMIENTO DE URGENCIA BRACKETS POR ARCADA",""
"10245","370","CONSULTA CON ESPECIALISTA DERIVADA",""
"10246","182","EXTIRPACIÓN QUIRÚRGICA DE HIPERPLASIA PALATINA (REMOCIÓN DE TEJIDO EN PALADAR)",""
"10247"," 182","EXTIRPACIÓN QUIRÚRGICA DE HIPERPLASIA PALATINA (REMOCIÓN DE TEJIDO EN PALADAR)",""
